membership_id,user_id,current_points
1,1,341
2,2,224
3,3,297
4,4,248
5,5,155
6,6,71
7,7,107
8,8,483
9,9,219
10,10,476
11,11,48
12,12,181
13,13,367
14,14,437
15,15,23
16,16,192
17,17,321
18,18,419
19,19,214
20,20,27
21,21,10
22,22,158
23,23,58
24,24,69
25,25,270
26,26,361
27,27,206
28,28,489
29,29,301
30,30,214
31,31,327
32,32,125
33,33,413
34,34,121
35,35,406
36,36,99
37,37,353
38,38,412
39,39,426
40,40,366
41,41,80
42,42,245
43,43,124
44,44,457
45,45,141
46,46,53
47,47,4
48,48,71
49,49,270
50,50,18
51,51,489
52,52,193
53,53,486
54,54,246
55,55,23
56,56,281
57,57,276
58,58,300
59,59,273
60,60,134
61,61,121
62,62,310
63,63,23
64,64,51
65,65,474
66,66,170
67,67,78
68,68,21
69,69,388
70,70,258
71,71,142
72,72,2
73,73,84
74,74,147
75,75,455
76,76,442
77,77,5
78,78,14
79,79,434
80,80,95
81,81,392
82,82,118
83,83,324
84,84,492
85,85,389
86,86,46
87,87,253
88,88,239
89,89,145
90,90,473
91,91,482
92,92,30
93,93,375
94,94,413
95,95,361
96,96,354
97,97,201
98,98,357
99,99,482
100,100,204
101,101,19
102,102,300
103,103,474
104,104,153
105,105,130
106,106,17
107,107,298
108,108,153
109,109,40
110,110,230
111,111,10
112,112,186
113,113,122
114,114,179
115,115,331
116,116,67
117,117,139
118,118,151
119,119,33
120,120,243
121,121,46
122,122,155
123,123,112
124,124,263
125,125,316
126,126,402
127,127,278
128,128,389
129,129,160
130,130,133
131,131,149
132,132,333
133,133,409
134,134,239
135,135,212
136,136,390
137,137,184
138,138,377
139,139,255
140,140,132
141,141,455
142,142,206
143,143,202
144,144,427
145,145,207
146,146,186
147,147,22
148,148,118
149,149,30
150,150,75
151,151,336
152,152,333
153,153,363
154,154,291
155,155,262
156,156,136
157,157,60
158,158,28
159,159,222
160,160,153
161,161,115
162,162,416
163,163,347
164,164,182
165,165,32
166,166,83
167,167,279
168,168,132
169,169,307
170,170,135
171,171,448
172,172,165
173,173,41
174,174,392
175,175,176
176,176,170
177,177,409
178,178,248
179,179,338
180,180,435
181,181,385
182,182,297
183,183,442
184,184,146
185,185,51
186,186,266
187,187,136
188,188,364
189,189,137
190,190,386
191,191,47
192,192,27
193,193,178
194,194,339
195,195,461
196,196,249
197,197,200
198,198,406
199,199,315
200,200,52
201,201,373
202,202,63
203,203,340
204,204,304
205,205,306
206,206,202
207,207,81
208,208,460
209,209,152
210,210,285
211,211,443
212,212,194
213,213,387
214,214,449
215,215,148
216,216,268
217,217,253
218,218,186
219,219,285
220,220,83
221,221,335
222,222,141
223,223,242
224,224,155
225,225,184
226,226,297
227,227,463
228,228,131
229,229,454
230,230,333
231,231,478
232,232,212
233,233,489
234,234,445
235,235,319
236,236,163
237,237,426
238,238,204
239,239,469
240,240,476
241,241,36
242,242,282
243,243,354
244,244,59
245,245,177
246,246,224
247,247,454
248,248,473
249,249,473
250,250,406
251,251,251
252,252,476
253,253,95
254,254,39
255,255,113
256,256,283
257,257,300
258,258,11
259,259,232
260,260,342
261,261,309
262,262,141
263,263,428
264,264,347
265,265,89
266,266,500
267,267,126
268,268,447
269,269,32
270,270,291
271,271,462
272,272,373
273,273,64
274,274,61
275,275,116
276,276,445
277,277,354
278,278,216
279,279,454
280,280,87
281,281,462
282,282,375
283,283,212
284,284,150
285,285,128
286,286,224
287,287,343
288,288,294
289,289,366
290,290,331
291,291,320
292,292,388
293,293,218
294,294,71
295,295,441
296,296,97
297,297,372
298,298,378
299,299,364
300,300,161
301,301,193
302,302,427
303,303,492
304,304,119
305,305,410
306,306,140
307,307,140
308,308,88
309,309,322
310,310,207
311,311,354
312,312,461
313,313,269
314,314,157
315,315,40
316,316,312
317,317,20
318,318,219
319,319,308
320,320,483
321,321,386
322,322,151
323,323,9
324,324,365
325,325,423
326,326,226
327,327,165
328,328,25
329,329,336
330,330,119
331,331,51
332,332,330
333,333,354
334,334,494
335,335,478
336,336,84
337,337,421
338,338,229
339,339,389
340,340,496
341,341,295
342,342,216
343,343,441
344,344,378
345,345,498
346,346,116
347,347,440
348,348,296
349,349,465
350,350,47
351,351,462
352,352,59
353,353,257
354,354,160
355,355,125
356,356,345
357,357,338
358,358,298
359,359,452
360,360,312
361,361,385
362,362,108
363,363,138
364,364,76
365,365,411
366,366,49
367,367,106
368,368,497
369,369,201
370,370,484
371,371,70
372,372,215
373,373,78
374,374,96
375,375,5
376,376,373
377,377,311
378,378,338
379,379,456
380,380,500
381,381,382
382,382,250
383,383,308
384,384,456
385,385,366
386,386,489
387,387,135
388,388,162
389,389,79
390,390,367
391,391,69
392,392,335
393,393,208
394,394,347
395,395,57
396,396,381
397,397,13
398,398,54
399,399,460
400,400,146
401,401,448
402,402,141
403,403,171
404,404,367
405,405,282
406,406,226
407,407,8
408,408,59
409,409,180
410,410,449
411,411,44
412,412,426
413,413,384
414,414,478
415,415,364
416,416,488
417,417,423
418,418,333
419,419,19
420,420,304
421,421,4
422,422,440
423,423,162
424,424,89
425,425,227
426,426,35
427,427,201
428,428,202
429,429,42
430,430,284
431,431,476
432,432,122
433,433,10
434,434,389
435,435,423
436,436,119
437,437,183
438,438,399
439,439,178
440,440,378
441,441,287
442,442,330
443,443,484
444,444,219
445,445,361
446,446,86
447,447,263
448,448,481
449,449,214
450,450,447
451,451,218
452,452,253
453,453,58
454,454,371
455,455,381
456,456,425
457,457,495
458,458,393
459,459,435
460,460,161
461,461,490
462,462,360
463,463,328
464,464,102
465,465,443
466,466,448
467,467,468
468,468,375
469,469,194
470,470,441
471,471,278
472,472,96
473,473,158
474,474,212
475,475,376
476,476,447
477,477,322
478,478,95
479,479,27
480,480,423
481,481,4
482,482,170
483,483,375
484,484,213
485,485,277
486,486,342
487,487,435
488,488,192
489,489,396
490,490,490
491,491,76
492,492,403
493,493,246
494,494,138
495,495,198
496,496,247
497,497,212
498,498,267
499,499,106
500,500,33
501,501,417
502,502,45
503,503,339
504,504,199
505,505,129
506,506,193
507,507,143
508,508,244
509,509,43
510,510,377
511,511,135
512,512,493
513,513,220
514,514,440
515,515,48
516,516,173
517,517,358
518,518,484
519,519,395
520,520,186
521,521,484
522,522,247
523,523,159
524,524,139
525,525,315
526,526,97
527,527,15
528,528,140
529,529,401
530,530,475
531,531,434
532,532,324
533,533,221
534,534,186
535,535,480
536,536,219
537,537,444
538,538,77
539,539,212
540,540,112
541,541,154
542,542,494
543,543,25
544,544,197
545,545,118
546,546,77
547,547,273
548,548,195
549,549,314
550,550,383
551,551,418
552,552,100
553,553,178
554,554,386
555,555,455
556,556,437
557,557,185
558,558,292
559,559,382
560,560,120
561,561,165
562,562,457
563,563,309
564,564,268
565,565,213
566,566,42
567,567,425
568,568,353
569,569,268
570,570,459
571,571,256
572,572,186
573,573,336
574,574,147
575,575,430
576,576,260
577,577,193
578,578,125
579,579,305
580,580,252
581,581,444
582,582,11
583,583,382
584,584,251
585,585,443
586,586,172
587,587,417
588,588,347
589,589,213
590,590,408
591,591,415
592,592,75
593,593,94
594,594,181
595,595,131
596,596,193
597,597,456
598,598,190
599,599,383
600,600,385
601,601,485
602,602,38
603,603,308
604,604,435
605,605,85
606,606,227
607,607,287
608,608,148
609,609,179
610,610,24
611,611,415
612,612,167
613,613,148
614,614,440
615,615,286
616,616,137
617,617,472
618,618,366
619,619,264
620,620,54
621,621,254
622,622,441
623,623,368
624,624,23
625,625,303
626,626,15
627,627,287
628,628,404
629,629,323
630,630,347
631,631,106
632,632,70
633,633,2
634,634,385
635,635,271
636,636,358
637,637,411
638,638,82
639,639,153
640,640,392
641,641,203
642,642,167
643,643,195
644,644,489
645,645,133
646,646,197
647,647,372
648,648,442
649,649,12
650,650,415
651,651,101
652,652,410
653,653,454
654,654,345
655,655,79
656,656,143
657,657,110
658,658,258
659,659,408
660,660,196
661,661,496
662,662,319
663,663,492
664,664,117
665,665,326
666,666,223
667,667,88
668,668,63
669,669,470
670,670,95
671,671,285
672,672,317
673,673,221
674,674,329
675,675,440
676,676,54
677,677,16
678,678,199
679,679,247
680,680,166
681,681,315
682,682,356
683,683,106
684,684,155
685,685,60
686,686,346
687,687,75
688,688,246
689,689,375
690,690,47
691,691,406
692,692,208
693,693,263
694,694,367
695,695,66
696,696,187
697,697,321
698,698,68
699,699,163
700,700,243
701,701,0
702,702,152
703,703,49
704,704,109
705,705,386
706,706,314
707,707,129
708,708,39
709,709,299
710,710,49
711,711,265
712,712,404
713,713,434
714,714,168
715,715,155
716,716,387
717,717,155
718,718,58
719,719,40
720,720,362
721,721,409
722,722,41
723,723,53
724,724,78
725,725,205
726,726,357
727,727,131
728,728,105
729,729,276
730,730,33
731,731,252
732,732,477
733,733,487
734,734,177
735,735,250
736,736,22
737,737,426
738,738,250
739,739,136
740,740,356
741,741,276
742,742,304
743,743,2
744,744,248
745,745,472
746,746,305
747,747,70
748,748,378
749,749,192
750,750,407
751,751,327
752,752,443
753,753,223
754,754,323
755,755,52
756,756,127
757,757,109
758,758,311
759,759,350
760,760,91
761,761,374
762,762,439
763,763,319
764,764,27
765,765,176
766,766,464
767,767,450
768,768,369
769,769,90
770,770,295
771,771,239
772,772,247
773,773,439
774,774,48
775,775,30
776,776,62
777,777,149
778,778,372
779,779,367
780,780,376
781,781,214
782,782,378
783,783,184
784,784,135
785,785,149
786,786,147
787,787,422
788,788,159
789,789,60
790,790,78
791,791,262
792,792,495
793,793,302
794,794,479
795,795,324
796,796,234
797,797,91
798,798,337
799,799,422
800,800,272
801,801,215
802,802,299
803,803,452
804,804,478
805,805,281
806,806,276
807,807,425
808,808,500
809,809,357
810,810,350
811,811,237
812,812,234
813,813,371
814,814,112
815,815,345
816,816,239
817,817,234
818,818,63
819,819,314
820,820,42
821,821,269
822,822,354
823,823,14
824,824,273
825,825,138
826,826,46
827,827,340
828,828,402
829,829,456
830,830,390
831,831,293
832,832,131
833,833,174
834,834,157
835,835,335
836,836,490
837,837,354
838,838,438
839,839,140
840,840,320
841,841,317
842,842,20
843,843,53
844,844,17
845,845,137
846,846,57
847,847,294
848,848,388
849,849,391
850,850,488
851,851,135
852,852,362
853,853,474
854,854,399
855,855,96
856,856,32
857,857,252
858,858,55
859,859,356
860,860,224
861,861,42
862,862,2
863,863,38
864,864,261
865,865,345
866,866,179
867,867,235
868,868,315
869,869,92
870,870,274
871,871,488
872,872,182
873,873,331
874,874,113
875,875,172
876,876,24
877,877,73
878,878,299
879,879,437
880,880,351
881,881,143
882,882,414
883,883,446
884,884,177
885,885,289
886,886,463
887,887,46
888,888,314
889,889,380
890,890,186
891,891,169
892,892,220
893,893,491
894,894,249
895,895,430
896,896,65
897,897,427
898,898,57
899,899,46
900,900,344
901,901,391
902,902,232
903,903,494
904,904,264
905,905,379
906,906,191
907,907,66
908,908,456
909,909,85
910,910,478
911,911,197
912,912,244
913,913,192
914,914,5
915,915,380
916,916,272
917,917,243
918,918,408
919,919,376
920,920,412
921,921,495
922,922,201
923,923,499
924,924,211
925,925,141
926,926,98
927,927,219
928,928,102
929,929,187
930,930,13
931,931,260
932,932,425
933,933,41
934,934,423
935,935,476
936,936,180
937,937,151
938,938,353
939,939,337
940,940,63
941,941,323
942,942,444
943,943,26
944,944,19
945,945,96
946,946,267
947,947,307
948,948,129
949,949,51
950,950,471
951,951,199
952,952,114
953,953,124
954,954,500
955,955,186
956,956,212
957,957,277
958,958,160
959,959,0
960,960,259
961,961,63
962,962,44
963,963,294
964,964,493
965,965,298
966,966,399
967,967,298
968,968,400
969,969,487
970,970,452
971,971,268
972,972,417
973,973,44
974,974,376
975,975,187
976,976,281
977,977,225
978,978,186
979,979,175
980,980,133
981,981,120
982,982,129
983,983,292
984,984,366
985,985,395
986,986,328
987,987,313
988,988,133
989,989,489
990,990,107
991,991,336
992,992,5
993,993,254
994,994,302
995,995,144
996,996,493
997,997,323
998,998,413
999,999,236
1000,1000,197
1001,1001,172
1002,1002,70
1003,1003,16
1004,1004,396
1005,1005,288
1006,1006,106
1007,1007,80
1008,1008,376
1009,1009,476
1010,1010,99
1011,1011,495
1012,1012,445
1013,1013,9
1014,1014,423
1015,1015,104
1016,1016,135
1017,1017,370
1018,1018,92
1019,1019,500
1020,1020,31
1021,1021,398
1022,1022,108
1023,1023,204
1024,1024,349
1025,1025,290
1026,1026,60
1027,1027,82
1028,1028,292
1029,1029,288
1030,1030,410
1031,1031,403
1032,1032,108
1033,1033,150
1034,1034,284
1035,1035,356
1036,1036,343
1037,1037,191
1038,1038,495
1039,1039,371
1040,1040,150
1041,1041,363
1042,1042,448
1043,1043,325
1044,1044,356
1045,1045,0
1046,1046,439
1047,1047,27
1048,1048,184
1049,1049,84
1050,1050,318
1051,1051,158
1052,1052,443
1053,1053,486
1054,1054,363
1055,1055,325
1056,1056,277
1057,1057,79
1058,1058,60
1059,1059,398
1060,1060,104
1061,1061,498
1062,1062,123
1063,1063,293
1064,1064,218
1065,1065,39
1066,1066,285
1067,1067,182
1068,1068,496
1069,1069,375
1070,1070,282
1071,1071,145
1072,1072,104
1073,1073,265
1074,1074,467
1075,1075,20
1076,1076,235
1077,1077,77
1078,1078,227
1079,1079,472
1080,1080,86
1081,1081,170
1082,1082,20
1083,1083,352
1084,1084,494
1085,1085,302
1086,1086,411
1087,1087,343
1088,1088,139
1089,1089,423
1090,1090,341
1091,1091,493
1092,1092,186
1093,1093,183
1094,1094,114
1095,1095,491
1096,1096,234
1097,1097,409
1098,1098,260
1099,1099,0
1100,1100,134
1101,1101,206
1102,1102,439
1103,1103,82
1104,1104,207
1105,1105,84
1106,1106,150
1107,1107,420
1108,1108,351
1109,1109,154
1110,1110,245
1111,1111,147
1112,1112,305
1113,1113,129
1114,1114,405
1115,1115,304
1116,1116,38
1117,1117,101
1118,1118,377
1119,1119,32
1120,1120,185
1121,1121,92
1122,1122,417
1123,1123,7
1124,1124,265
1125,1125,60
1126,1126,465
1127,1127,375
1128,1128,470
1129,1129,226
1130,1130,439
1131,1131,271
1132,1132,66
1133,1133,56
1134,1134,139
1135,1135,170
1136,1136,134
1137,1137,204
1138,1138,69
1139,1139,289
1140,1140,418
1141,1141,52
1142,1142,256
1143,1143,447
1144,1144,218
1145,1145,275
1146,1146,39
1147,1147,86
1148,1148,406
1149,1149,195
1150,1150,249
1151,1151,85
1152,1152,358
1153,1153,18
1154,1154,184
1155,1155,104
1156,1156,328
1157,1157,359
1158,1158,8
1159,1159,183
1160,1160,340
1161,1161,413
1162,1162,239
1163,1163,56
1164,1164,156
1165,1165,62
1166,1166,477
1167,1167,148
1168,1168,487
1169,1169,464
1170,1170,434
1171,1171,95
1172,1172,133
1173,1173,500
1174,1174,390
1175,1175,210
1176,1176,185
1177,1177,385
1178,1178,10
1179,1179,262
1180,1180,399
1181,1181,269
1182,1182,153
1183,1183,90
1184,1184,261
1185,1185,229
1186,1186,271
1187,1187,70
1188,1188,488
1189,1189,410
1190,1190,266
1191,1191,218
1192,1192,476
1193,1193,470
1194,1194,456
1195,1195,296
1196,1196,281
1197,1197,495
1198,1198,222
1199,1199,94
1200,1200,183
1201,1201,169
1202,1202,222
1203,1203,488
1204,1204,391
1205,1205,476
1206,1206,421
1207,1207,385
1208,1208,348
1209,1209,100
1210,1210,216
1211,1211,39
1212,1212,380
1213,1213,408
1214,1214,80
1215,1215,300
1216,1216,212
1217,1217,258
1218,1218,285
1219,1219,435
1220,1220,162
1221,1221,327
1222,1222,173
1223,1223,420
1224,1224,267
1225,1225,365
1226,1226,431
1227,1227,160
1228,1228,309
1229,1229,428
1230,1230,138
1231,1231,250
1232,1232,495
1233,1233,444
1234,1234,385
1235,1235,248
1236,1236,224
1237,1237,223
1238,1238,411
1239,1239,171
1240,1240,401
1241,1241,116
1242,1242,77
1243,1243,230
1244,1244,191
1245,1245,360
1246,1246,349
1247,1247,137
1248,1248,48
1249,1249,301
1250,1250,222
1251,1251,230
1252,1252,50
1253,1253,109
1254,1254,82
1255,1255,119
1256,1256,394
1257,1257,469
1258,1258,282
1259,1259,144
1260,1260,353
1261,1261,24
1262,1262,289
1263,1263,265
1264,1264,211
1265,1265,379
1266,1266,122
1267,1267,120
1268,1268,235
1269,1269,139
1270,1270,453
1271,1271,23
1272,1272,484
1273,1273,99
1274,1274,203
1275,1275,314
1276,1276,274
1277,1277,3
1278,1278,213
1279,1279,18
1280,1280,114
1281,1281,256
1282,1282,212
1283,1283,177
1284,1284,414
1285,1285,57
1286,1286,164
1287,1287,423
1288,1288,364
1289,1289,99
1290,1290,414
1291,1291,387
1292,1292,151
1293,1293,257
1294,1294,325
1295,1295,399
1296,1296,381
1297,1297,77
1298,1298,139
1299,1299,306
1300,1300,289
1301,1301,233
1302,1302,333
1303,1303,136
1304,1304,339
1305,1305,129
1306,1306,480
1307,1307,4
1308,1308,499
1309,1309,152
1310,1310,406
1311,1311,51
1312,1312,34
1313,1313,43
1314,1314,91
1315,1315,382
1316,1316,92
1317,1317,474
1318,1318,62
1319,1319,442
1320,1320,179
1321,1321,233
1322,1322,455
1323,1323,305
1324,1324,40
1325,1325,346
1326,1326,372
1327,1327,354
1328,1328,437
1329,1329,34
1330,1330,226
1331,1331,446
1332,1332,137
1333,1333,317
1334,1334,397
1335,1335,146
1336,1336,74
1337,1337,482
1338,1338,421
1339,1339,491
1340,1340,234
1341,1341,163
1342,1342,426
1343,1343,100
1344,1344,459
1345,1345,111
1346,1346,25
1347,1347,114
1348,1348,271
1349,1349,148
1350,1350,48
1351,1351,189
1352,1352,429
1353,1353,14
1354,1354,179
1355,1355,363
1356,1356,28
1357,1357,150
1358,1358,105
1359,1359,310
1360,1360,448
1361,1361,452
1362,1362,178
1363,1363,194
1364,1364,4
1365,1365,187
1366,1366,344
1367,1367,395
1368,1368,277
1369,1369,226
1370,1370,134
1371,1371,5
1372,1372,314
1373,1373,153
1374,1374,248
1375,1375,255
1376,1376,423
1377,1377,482
1378,1378,274
1379,1379,235
1380,1380,494
1381,1381,79
1382,1382,223
1383,1383,171
1384,1384,106
1385,1385,333
1386,1386,399
1387,1387,127
1388,1388,364
1389,1389,114
1390,1390,217
1391,1391,39
1392,1392,47
1393,1393,365
1394,1394,149
1395,1395,308
1396,1396,63
1397,1397,464
1398,1398,250
1399,1399,347
1400,1400,327
1401,1401,75
1402,1402,98
1403,1403,344
1404,1404,305
1405,1405,208
1406,1406,357
1407,1407,34
1408,1408,369
1409,1409,227
1410,1410,444
1411,1411,320
1412,1412,318
1413,1413,210
1414,1414,59
1415,1415,162
1416,1416,437
1417,1417,368
1418,1418,1
1419,1419,58
1420,1420,322
1421,1421,440
1422,1422,6
1423,1423,19
1424,1424,247
1425,1425,496
1426,1426,210
1427,1427,234
1428,1428,215
1429,1429,44
1430,1430,316
1431,1431,132
1432,1432,333
1433,1433,15
1434,1434,431
1435,1435,313
1436,1436,37
1437,1437,90
1438,1438,224
1439,1439,285
1440,1440,107
1441,1441,158
1442,1442,240
1443,1443,50
1444,1444,30
1445,1445,173
1446,1446,416
1447,1447,150
1448,1448,260
1449,1449,204
1450,1450,169
1451,1451,410
1452,1452,156
1453,1453,338
1454,1454,301
1455,1455,143
1456,1456,18
1457,1457,188
1458,1458,302
1459,1459,11
1460,1460,390
1461,1461,374
1462,1462,262
1463,1463,302
1464,1464,95
1465,1465,195
1466,1466,98
1467,1467,270
1468,1468,456
1469,1469,380
1470,1470,5
1471,1471,272
1472,1472,362
1473,1473,73
1474,1474,304
1475,1475,37
1476,1476,185
1477,1477,323
1478,1478,6
1479,1479,439
1480,1480,461
1481,1481,300
1482,1482,462
1483,1483,129
1484,1484,111
1485,1485,181
1486,1486,61
1487,1487,125
1488,1488,2
1489,1489,29
1490,1490,346
1491,1491,160
1492,1492,277
1493,1493,137
1494,1494,283
1495,1495,121
1496,1496,96
1497,1497,436
1498,1498,313
1499,1499,157
1500,1500,167
1501,1501,232
1502,1502,363
1503,1503,318
1504,1504,42
1505,1505,268
1506,1506,5
1507,1507,240
1508,1508,178
1509,1509,215
1510,1510,356
1511,1511,487
1512,1512,138
1513,1513,352
1514,1514,460
1515,1515,286
1516,1516,277
1517,1517,53
1518,1518,309
1519,1519,269
1520,1520,320
1521,1521,342
1522,1522,208
1523,1523,437
1524,1524,198
1525,1525,358
1526,1526,381
1527,1527,322
1528,1528,442
1529,1529,1
1530,1530,271
1531,1531,463
1532,1532,474
1533,1533,435
1534,1534,460
1535,1535,175
1536,1536,341
1537,1537,1
1538,1538,79
1539,1539,20
1540,1540,372
1541,1541,219
1542,1542,91
1543,1543,138
1544,1544,8
1545,1545,373
1546,1546,55
1547,1547,417
1548,1548,284
1549,1549,486
1550,1550,411
1551,1551,420
1552,1552,262
1553,1553,349
1554,1554,50
1555,1555,122
1556,1556,243
1557,1557,303
1558,1558,21
1559,1559,208
1560,1560,305
1561,1561,481
1562,1562,339
1563,1563,437
1564,1564,433
1565,1565,311
1566,1566,221
1567,1567,333
1568,1568,211
1569,1569,136
1570,1570,226
1571,1571,442
1572,1572,329
1573,1573,131
1574,1574,106
1575,1575,194
1576,1576,365
1577,1577,286
1578,1578,364
1579,1579,174
1580,1580,60
1581,1581,313
1582,1582,98
1583,1583,425
1584,1584,176
1585,1585,333
1586,1586,402
1587,1587,297
1588,1588,397
1589,1589,137
1590,1590,236
1591,1591,169
1592,1592,461
1593,1593,173
1594,1594,294
1595,1595,471
1596,1596,64
1597,1597,495
1598,1598,180
1599,1599,191
1600,1600,67
1601,1601,13
1602,1602,49
1603,1603,50
1604,1604,240
1605,1605,235
1606,1606,176
1607,1607,469
1608,1608,489
1609,1609,475
1610,1610,483
1611,1611,254
1612,1612,226
1613,1613,331
1614,1614,244
1615,1615,254
1616,1616,414
1617,1617,484
1618,1618,402
1619,1619,185
1620,1620,473
1621,1621,63
1622,1622,368
1623,1623,188
1624,1624,152
1625,1625,262
1626,1626,319
1627,1627,369
1628,1628,73
1629,1629,345
1630,1630,76
1631,1631,164
1632,1632,42
1633,1633,428
1634,1634,57
1635,1635,227
1636,1636,61
1637,1637,347
1638,1638,119
1639,1639,78
1640,1640,142
1641,1641,69
1642,1642,101
1643,1643,141
1644,1644,5
1645,1645,29
1646,1646,172
1647,1647,234
1648,1648,413
1649,1649,445
1650,1650,377
1651,1651,220
1652,1652,72
1653,1653,280
1654,1654,139
1655,1655,396
1656,1656,347
1657,1657,321
1658,1658,241
1659,1659,227
1660,1660,454
1661,1661,95
1662,1662,469
1663,1663,4
1664,1664,305
1665,1665,342
1666,1666,4
1667,1667,355
1668,1668,432
1669,1669,470
1670,1670,205
1671,1671,234
1672,1672,127
1673,1673,171
1674,1674,137
1675,1675,189
1676,1676,60
1677,1677,403
1678,1678,79
1679,1679,358
1680,1680,329
1681,1681,161
1682,1682,196
1683,1683,419
1684,1684,96
1685,1685,472
1686,1686,95
1687,1687,154
1688,1688,236
1689,1689,464
1690,1690,468
1691,1691,255
1692,1692,40
1693,1693,499
1694,1694,404
1695,1695,352
1696,1696,453
1697,1697,256
1698,1698,483
1699,1699,267
1700,1700,376
1701,1701,500
1702,1702,121
1703,1703,460
1704,1704,308
1705,1705,156
1706,1706,17
1707,1707,359
1708,1708,500
1709,1709,63
1710,1710,151
1711,1711,3
1712,1712,363
1713,1713,427
1714,1714,119
1715,1715,386
1716,1716,160
1717,1717,399
1718,1718,343
1719,1719,12
1720,1720,277
1721,1721,439
1722,1722,351
1723,1723,123
1724,1724,453
1725,1725,32
1726,1726,332
1727,1727,482
1728,1728,426
1729,1729,49
1730,1730,360
1731,1731,223
1732,1732,177
1733,1733,324
1734,1734,429
1735,1735,327
1736,1736,70
1737,1737,443
1738,1738,294
1739,1739,249
1740,1740,408
1741,1741,364
1742,1742,146
1743,1743,331
1744,1744,154
1745,1745,432
1746,1746,289
1747,1747,263
1748,1748,247
1749,1749,174
1750,1750,490
1751,1751,414
1752,1752,49
1753,1753,432
1754,1754,158
1755,1755,241
1756,1756,473
1757,1757,28
1758,1758,4
1759,1759,173
1760,1760,219
1761,1761,33
1762,1762,8
1763,1763,297
1764,1764,108
1765,1765,462
1766,1766,410
1767,1767,462
1768,1768,57
1769,1769,332
1770,1770,414
1771,1771,190
1772,1772,150
1773,1773,229
1774,1774,101
1775,1775,437
1776,1776,297
1777,1777,69
1778,1778,59
1779,1779,192
1780,1780,192
1781,1781,286
1782,1782,56
1783,1783,78
1784,1784,164
1785,1785,476
1786,1786,64
1787,1787,408
1788,1788,444
1789,1789,98
1790,1790,14
1791,1791,423
1792,1792,330
1793,1793,279
1794,1794,310
1795,1795,468
1796,1796,429
1797,1797,452
1798,1798,3
1799,1799,394
1800,1800,352
1801,1801,140
1802,1802,119
1803,1803,55
1804,1804,275
1805,1805,434
1806,1806,125
1807,1807,410
1808,1808,12
1809,1809,5
1810,1810,255
1811,1811,377
1812,1812,184
1813,1813,429
1814,1814,207
1815,1815,395
1816,1816,232
1817,1817,411
1818,1818,131
1819,1819,413
1820,1820,459
1821,1821,20
1822,1822,441
1823,1823,220
1824,1824,55
1825,1825,416
1826,1826,84
1827,1827,123
1828,1828,82
1829,1829,107
1830,1830,469
1831,1831,452
1832,1832,158
1833,1833,411
1834,1834,63
1835,1835,92
1836,1836,6
1837,1837,306
1838,1838,256
1839,1839,23
1840,1840,64
1841,1841,26
1842,1842,13
1843,1843,259
1844,1844,223
1845,1845,362
1846,1846,116
1847,1847,107
1848,1848,388
1849,1849,86
1850,1850,47
1851,1851,287
1852,1852,91
1853,1853,290
1854,1854,447
1855,1855,156
1856,1856,408
1857,1857,9
1858,1858,92
1859,1859,486
1860,1860,440
1861,1861,495
1862,1862,456
1863,1863,100
1864,1864,22
1865,1865,430
1866,1866,81
1867,1867,338
1868,1868,273
1869,1869,436
1870,1870,97
1871,1871,263
1872,1872,479
1873,1873,415
1874,1874,343
1875,1875,313
1876,1876,8
1877,1877,378
1878,1878,389
1879,1879,122
1880,1880,32
1881,1881,160
1882,1882,313
1883,1883,184
1884,1884,466
1885,1885,16
1886,1886,82
1887,1887,467
1888,1888,168
1889,1889,327
1890,1890,63
1891,1891,358
1892,1892,307
1893,1893,371
1894,1894,102
1895,1895,414
1896,1896,85
1897,1897,188
1898,1898,328
1899,1899,377
1900,1900,10
1901,1901,297
1902,1902,269
1903,1903,202
1904,1904,57
1905,1905,167
1906,1906,341
1907,1907,185
1908,1908,413
1909,1909,420
1910,1910,137
1911,1911,261
1912,1912,231
1913,1913,320
1914,1914,354
1915,1915,273
1916,1916,250
1917,1917,275
1918,1918,214
1919,1919,476
1920,1920,324
1921,1921,40
1922,1922,364
1923,1923,337
1924,1924,145
1925,1925,28
1926,1926,15
1927,1927,435
1928,1928,390
1929,1929,11
1930,1930,325
1931,1931,136
1932,1932,39
1933,1933,430
1934,1934,448
1935,1935,347
1936,1936,101
1937,1937,30
1938,1938,60
1939,1939,288
1940,1940,55
1941,1941,279
1942,1942,130
1943,1943,217
1944,1944,307
1945,1945,225
1946,1946,11
1947,1947,419
1948,1948,300
1949,1949,141
1950,1950,249
1951,1951,323
1952,1952,160
1953,1953,243
1954,1954,278
1955,1955,281
1956,1956,27
1957,1957,438
1958,1958,246
1959,1959,324
1960,1960,487
1961,1961,146
1962,1962,363
1963,1963,199
1964,1964,483
1965,1965,145
1966,1966,499
1967,1967,42
1968,1968,403
1969,1969,372
1970,1970,414
1971,1971,447
1972,1972,410
1973,1973,462
1974,1974,260
1975,1975,9
1976,1976,261
1977,1977,225
1978,1978,107
1979,1979,131
1980,1980,86
1981,1981,275
1982,1982,241
1983,1983,379
1984,1984,252
1985,1985,161
1986,1986,58
1987,1987,248
1988,1988,468
1989,1989,161
1990,1990,328
1991,1991,261
1992,1992,225
1993,1993,278
1994,1994,482
1995,1995,499
1996,1996,304
1997,1997,138
1998,1998,471
1999,1999,384
2000,2000,497
2001,2001,181
2002,2002,497
2003,2003,341
2004,2004,97
2005,2005,221
2006,2006,198
2007,2007,358
2008,2008,458
2009,2009,139
2010,2010,410
2011,2011,246
2012,2012,104
2013,2013,371
2014,2014,55
2015,2015,187
2016,2016,359
2017,2017,22
2018,2018,475
2019,2019,217
2020,2020,224
2021,2021,12
2022,2022,243
2023,2023,491
2024,2024,288
2025,2025,17
2026,2026,464
2027,2027,203
2028,2028,226
2029,2029,309
2030,2030,55
2031,2031,135
2032,2032,423
2033,2033,387
2034,2034,56
2035,2035,245
2036,2036,54
2037,2037,139
2038,2038,379
2039,2039,441
2040,2040,372
2041,2041,206
2042,2042,158
2043,2043,193
2044,2044,80
2045,2045,327
2046,2046,38
2047,2047,34
2048,2048,22
2049,2049,432
2050,2050,25
2051,2051,240
2052,2052,3
2053,2053,8
2054,2054,117
2055,2055,70
2056,2056,265
2057,2057,478
2058,2058,293
2059,2059,351
2060,2060,287
2061,2061,495
2062,2062,304
2063,2063,222
2064,2064,398
2065,2065,121
2066,2066,286
2067,2067,246
2068,2068,223
2069,2069,50
2070,2070,387
2071,2071,207
2072,2072,207
2073,2073,375
2074,2074,322
2075,2075,180
2076,2076,346
2077,2077,371
2078,2078,187
2079,2079,241
2080,2080,239
2081,2081,278
2082,2082,378
2083,2083,112
2084,2084,345
2085,2085,388
2086,2086,182
2087,2087,105
2088,2088,360
2089,2089,200
2090,2090,467
2091,2091,123
2092,2092,196
2093,2093,184
2094,2094,148
2095,2095,56
2096,2096,344
2097,2097,95
2098,2098,198
2099,2099,490
2100,2100,144
2101,2101,163
2102,2102,389
2103,2103,286
2104,2104,263
2105,2105,11
2106,2106,183
2107,2107,493
2108,2108,331
2109,2109,334
2110,2110,491
2111,2111,442
2112,2112,60
2113,2113,261
2114,2114,159
2115,2115,191
2116,2116,262
2117,2117,115
2118,2118,204
2119,2119,380
2120,2120,84
2121,2121,444
2122,2122,36
2123,2123,342
2124,2124,478
2125,2125,321
2126,2126,244
2127,2127,97
2128,2128,432
2129,2129,268
2130,2130,391
2131,2131,226
2132,2132,167
2133,2133,49
2134,2134,341
2135,2135,224
2136,2136,176
2137,2137,280
2138,2138,90
2139,2139,351
2140,2140,9
2141,2141,342
2142,2142,355
2143,2143,221
2144,2144,63
2145,2145,324
2146,2146,285
2147,2147,140
2148,2148,208
2149,2149,116
2150,2150,13
2151,2151,52
2152,2152,428
2153,2153,375
2154,2154,367
2155,2155,362
2156,2156,252
2157,2157,10
2158,2158,191
2159,2159,390
2160,2160,301
2161,2161,324
2162,2162,349
2163,2163,246
2164,2164,432
2165,2165,79
2166,2166,23
2167,2167,6
2168,2168,380
2169,2169,415
2170,2170,366
2171,2171,331
2172,2172,445
2173,2173,477
2174,2174,154
2175,2175,421
2176,2176,311
2177,2177,36
2178,2178,80
2179,2179,74
2180,2180,205
2181,2181,463
2182,2182,322
2183,2183,482
2184,2184,293
2185,2185,109
2186,2186,179
2187,2187,474
2188,2188,494
2189,2189,465
2190,2190,278
2191,2191,372
2192,2192,343
2193,2193,301
2194,2194,190
2195,2195,462
2196,2196,302
2197,2197,213
2198,2198,444
2199,2199,294
2200,2200,163
2201,2201,442
2202,2202,151
2203,2203,90
2204,2204,363
2205,2205,370
2206,2206,395
2207,2207,421
2208,2208,199
2209,2209,197
2210,2210,27
2211,2211,61
2212,2212,115
2213,2213,376
2214,2214,480
2215,2215,468
2216,2216,274
2217,2217,409
2218,2218,224
2219,2219,245
2220,2220,63
2221,2221,500
2222,2222,379
2223,2223,147
2224,2224,54
2225,2225,144
2226,2226,11
2227,2227,45
2228,2228,293
2229,2229,372
2230,2230,460
2231,2231,268
2232,2232,423
2233,2233,446
2234,2234,137
2235,2235,134
2236,2236,479
2237,2237,382
2238,2238,496
2239,2239,450
2240,2240,320
2241,2241,226
2242,2242,413
2243,2243,48
2244,2244,345
2245,2245,57
2246,2246,147
2247,2247,220
2248,2248,397
2249,2249,13
2250,2250,82
2251,2251,207
2252,2252,271
2253,2253,121
2254,2254,162
2255,2255,10
2256,2256,219
2257,2257,436
2258,2258,55
2259,2259,416
2260,2260,2
2261,2261,5
2262,2262,132
2263,2263,419
2264,2264,309
2265,2265,249
2266,2266,67
2267,2267,56
2268,2268,457
2269,2269,14
2270,2270,355
2271,2271,349
2272,2272,201
2273,2273,312
2274,2274,358
2275,2275,12
2276,2276,37
2277,2277,124
2278,2278,146
2279,2279,8
2280,2280,84
2281,2281,353
2282,2282,464
2283,2283,79
2284,2284,283
2285,2285,173
2286,2286,443
2287,2287,165
2288,2288,57
2289,2289,299
2290,2290,485
2291,2291,239
2292,2292,382
2293,2293,417
2294,2294,366
2295,2295,402
2296,2296,63
2297,2297,280
2298,2298,177
2299,2299,296
2300,2300,406
2301,2301,358
2302,2302,428
2303,2303,352
2304,2304,178
2305,2305,299
2306,2306,145
2307,2307,356
2308,2308,473
2309,2309,365
2310,2310,307
2311,2311,397
2312,2312,266
2313,2313,339
2314,2314,461
2315,2315,207
2316,2316,195
2317,2317,107
2318,2318,497
2319,2319,395
2320,2320,404
2321,2321,428
2322,2322,286
2323,2323,2
2324,2324,190
2325,2325,117
2326,2326,388
2327,2327,155
2328,2328,90
2329,2329,0
2330,2330,469
2331,2331,0
2332,2332,438
2333,2333,62
2334,2334,68
2335,2335,26
2336,2336,312
2337,2337,300
2338,2338,448
2339,2339,235
2340,2340,316
2341,2341,211
2342,2342,111
2343,2343,465
2344,2344,335
2345,2345,462
2346,2346,230
2347,2347,80
2348,2348,119
2349,2349,307
2350,2350,331
2351,2351,474
2352,2352,347
2353,2353,412
2354,2354,230
2355,2355,392
2356,2356,349
2357,2357,200
2358,2358,416
2359,2359,247
2360,2360,340
2361,2361,2
2362,2362,335
2363,2363,78
2364,2364,428
2365,2365,106
2366,2366,455
2367,2367,308
2368,2368,230
2369,2369,352
2370,2370,131
2371,2371,291
2372,2372,6
2373,2373,302
2374,2374,232
2375,2375,159
2376,2376,145
2377,2377,386
2378,2378,460
2379,2379,268
2380,2380,412
2381,2381,150
2382,2382,9
2383,2383,304
2384,2384,80
2385,2385,466
2386,2386,210
2387,2387,432
2388,2388,411
2389,2389,212
2390,2390,447
2391,2391,192
2392,2392,483
2393,2393,9
2394,2394,253
2395,2395,245
2396,2396,452
2397,2397,128
2398,2398,240
2399,2399,449
2400,2400,130
2401,2401,163
2402,2402,308
2403,2403,185
2404,2404,321
2405,2405,313
2406,2406,329
2407,2407,390
2408,2408,437
2409,2409,105
2410,2410,440
2411,2411,324
2412,2412,178
2413,2413,210
2414,2414,211
2415,2415,179
2416,2416,416
2417,2417,387
2418,2418,64
2419,2419,283
2420,2420,404
2421,2421,483
2422,2422,316
2423,2423,66
2424,2424,98
2425,2425,343
2426,2426,363
2427,2427,379
2428,2428,177
2429,2429,397
2430,2430,225
2431,2431,411
2432,2432,54
2433,2433,177
2434,2434,35
2435,2435,341
2436,2436,70
2437,2437,284
2438,2438,22
2439,2439,393
2440,2440,307
2441,2441,425
2442,2442,262
2443,2443,240
2444,2444,119
2445,2445,321
2446,2446,93
2447,2447,283
2448,2448,392
2449,2449,156
2450,2450,428
2451,2451,111
2452,2452,407
2453,2453,65
2454,2454,390
2455,2455,455
2456,2456,181
2457,2457,413
2458,2458,79
2459,2459,493
2460,2460,449
2461,2461,172
2462,2462,354
2463,2463,16
2464,2464,186
2465,2465,286
2466,2466,235
2467,2467,128
2468,2468,114
2469,2469,303
2470,2470,354
2471,2471,253
2472,2472,445
2473,2473,393
2474,2474,100
2475,2475,141
2476,2476,398
2477,2477,15
2478,2478,152
2479,2479,48
2480,2480,246
2481,2481,180
2482,2482,94
2483,2483,392
2484,2484,413
2485,2485,435
2486,2486,123
2487,2487,3
2488,2488,133
2489,2489,208
2490,2490,36
2491,2491,241
2492,2492,329
2493,2493,497
2494,2494,386
2495,2495,390
2496,2496,485
2497,2497,368
2498,2498,106
2499,2499,460
2500,2500,153
2501,2501,311
2502,2502,265
2503,2503,344
2504,2504,152
2505,2505,195
2506,2506,83
2507,2507,241
2508,2508,375
2509,2509,92
2510,2510,355
2511,2511,24
2512,2512,313
2513,2513,297
2514,2514,120
2515,2515,424
2516,2516,109
2517,2517,465
2518,2518,294
2519,2519,14
2520,2520,155
2521,2521,291
2522,2522,45
2523,2523,341
2524,2524,139
2525,2525,365
2526,2526,107
2527,2527,251
2528,2528,360
2529,2529,393
2530,2530,211
2531,2531,247
2532,2532,221
2533,2533,307
2534,2534,407
2535,2535,42
2536,2536,215
2537,2537,49
2538,2538,265
2539,2539,257
2540,2540,190
2541,2541,392
2542,2542,3
2543,2543,378
2544,2544,181
2545,2545,198
2546,2546,378
2547,2547,329
2548,2548,348
2549,2549,134
2550,2550,78
2551,2551,106
2552,2552,83
2553,2553,457
2554,2554,211
2555,2555,245
2556,2556,263
2557,2557,111
2558,2558,203
2559,2559,337
2560,2560,190
2561,2561,314
2562,2562,2
2563,2563,445
2564,2564,352
2565,2565,448
2566,2566,89
2567,2567,314
2568,2568,352
2569,2569,186
2570,2570,133
2571,2571,407
2572,2572,161
2573,2573,204
2574,2574,283
2575,2575,166
2576,2576,256
2577,2577,382
2578,2578,43
2579,2579,384
2580,2580,130
2581,2581,305
2582,2582,152
2583,2583,454
2584,2584,11
2585,2585,309
2586,2586,393
2587,2587,474
2588,2588,303
2589,2589,140
2590,2590,265
2591,2591,409
2592,2592,76
2593,2593,131
2594,2594,104
2595,2595,13
2596,2596,428
2597,2597,251
2598,2598,194
2599,2599,293
2600,2600,266
2601,2601,239
2602,2602,233
2603,2603,304
2604,2604,285
2605,2605,24
2606,2606,339
2607,2607,390
2608,2608,179
2609,2609,4
2610,2610,437
2611,2611,338
2612,2612,356
2613,2613,168
2614,2614,98
2615,2615,46
2616,2616,171
2617,2617,186
2618,2618,327
2619,2619,187
2620,2620,189
2621,2621,327
2622,2622,342
2623,2623,360
2624,2624,456
2625,2625,220
2626,2626,163
2627,2627,488
2628,2628,416
2629,2629,201
2630,2630,199
2631,2631,115
2632,2632,333
2633,2633,46
2634,2634,77
2635,2635,127
2636,2636,377
2637,2637,254
2638,2638,374
2639,2639,390
2640,2640,302
2641,2641,295
2642,2642,352
2643,2643,100
2644,2644,15
2645,2645,304
2646,2646,323
2647,2647,180
2648,2648,496
2649,2649,263
2650,2650,212
2651,2651,401
2652,2652,371
2653,2653,257
2654,2654,103
2655,2655,174
2656,2656,107
2657,2657,35
2658,2658,191
2659,2659,231
2660,2660,22
2661,2661,242
2662,2662,456
2663,2663,127
2664,2664,155
2665,2665,296
2666,2666,335
2667,2667,469
2668,2668,13
2669,2669,250
2670,2670,152
2671,2671,370
2672,2672,249
2673,2673,155
2674,2674,17
2675,2675,159
2676,2676,421
2677,2677,84
2678,2678,258
2679,2679,174
2680,2680,121
2681,2681,265
2682,2682,320
2683,2683,335
2684,2684,408
2685,2685,252
2686,2686,359
2687,2687,425
2688,2688,232
2689,2689,324
2690,2690,308
2691,2691,427
2692,2692,335
2693,2693,46
2694,2694,262
2695,2695,107
2696,2696,445
2697,2697,32
2698,2698,152
2699,2699,202
2700,2700,330
2701,2701,221
2702,2702,160
2703,2703,326
2704,2704,125
2705,2705,371
2706,2706,102
2707,2707,329
2708,2708,396
2709,2709,137
2710,2710,76
2711,2711,487
2712,2712,243
2713,2713,125
2714,2714,234
2715,2715,380
2716,2716,82
2717,2717,318
2718,2718,183
2719,2719,269
2720,2720,328
2721,2721,108
2722,2722,478
2723,2723,341
2724,2724,476
2725,2725,386
2726,2726,321
2727,2727,243
2728,2728,264
2729,2729,102
2730,2730,470
2731,2731,18
2732,2732,18
2733,2733,180
2734,2734,137
2735,2735,485
2736,2736,297
2737,2737,197
2738,2738,239
2739,2739,481
2740,2740,134
2741,2741,236
2742,2742,33
2743,2743,106
2744,2744,216
2745,2745,121
2746,2746,227
2747,2747,384
2748,2748,137
2749,2749,417
2750,2750,301
2751,2751,287
2752,2752,494
2753,2753,173
2754,2754,21
2755,2755,50
2756,2756,52
2757,2757,251
2758,2758,235
2759,2759,193
2760,2760,426
2761,2761,234
2762,2762,48
2763,2763,38
2764,2764,447
2765,2765,312
2766,2766,179
2767,2767,423
2768,2768,341
2769,2769,162
2770,2770,486
2771,2771,460
2772,2772,130
2773,2773,145
2774,2774,256
2775,2775,402
2776,2776,461
2777,2777,31
2778,2778,26
2779,2779,78
2780,2780,488
2781,2781,294
2782,2782,169
2783,2783,15
2784,2784,469
2785,2785,6
2786,2786,500
2787,2787,105
2788,2788,77
2789,2789,489
2790,2790,319
2791,2791,214
2792,2792,81
2793,2793,410
2794,2794,295
2795,2795,304
2796,2796,468
2797,2797,48
2798,2798,33
2799,2799,198
2800,2800,443
2801,2801,212
2802,2802,489
2803,2803,328
2804,2804,386
2805,2805,479
2806,2806,215
2807,2807,338
2808,2808,440
2809,2809,102
2810,2810,342
2811,2811,4
2812,2812,157
2813,2813,173
2814,2814,394
2815,2815,445
2816,2816,362
2817,2817,83
2818,2818,204
2819,2819,259
2820,2820,291
2821,2821,94
2822,2822,332
2823,2823,93
2824,2824,96
2825,2825,415
2826,2826,370
2827,2827,439
2828,2828,313
2829,2829,442
2830,2830,99
2831,2831,413
2832,2832,122
2833,2833,444
2834,2834,355
2835,2835,232
2836,2836,416
2837,2837,92
2838,2838,143
2839,2839,236
2840,2840,496
2841,2841,381
2842,2842,400
2843,2843,250
2844,2844,166
2845,2845,362
2846,2846,423
2847,2847,79
2848,2848,330
2849,2849,424
2850,2850,392
2851,2851,76
2852,2852,190
2853,2853,417
2854,2854,358
2855,2855,117
2856,2856,347
2857,2857,168
2858,2858,451
2859,2859,202
2860,2860,6
2861,2861,327
2862,2862,431
2863,2863,403
2864,2864,383
2865,2865,108
2866,2866,455
2867,2867,51
2868,2868,296
2869,2869,95
2870,2870,373
2871,2871,366
2872,2872,352
2873,2873,291
2874,2874,217
2875,2875,435
2876,2876,396
2877,2877,109
2878,2878,32
2879,2879,247
2880,2880,126
2881,2881,33
2882,2882,257
2883,2883,455
2884,2884,6
2885,2885,104
2886,2886,167
2887,2887,195
2888,2888,92
2889,2889,243
2890,2890,102
2891,2891,203
2892,2892,265
2893,2893,373
2894,2894,169
2895,2895,192
2896,2896,410
2897,2897,292
2898,2898,140
2899,2899,229
2900,2900,353
2901,2901,442
2902,2902,93
2903,2903,305
2904,2904,115
2905,2905,284
2906,2906,416
2907,2907,455
2908,2908,55
2909,2909,106
2910,2910,349
2911,2911,44
2912,2912,279
2913,2913,444
2914,2914,406
2915,2915,498
2916,2916,268
2917,2917,468
2918,2918,453
2919,2919,68
2920,2920,57
2921,2921,339
2922,2922,72
2923,2923,130
2924,2924,105
2925,2925,185
2926,2926,476
2927,2927,275
2928,2928,59
2929,2929,455
2930,2930,138
2931,2931,51
2932,2932,156
2933,2933,268
2934,2934,22
2935,2935,434
2936,2936,344
2937,2937,371
2938,2938,194
2939,2939,455
2940,2940,95
2941,2941,378
2942,2942,119
2943,2943,20
2944,2944,201
2945,2945,41
2946,2946,392
2947,2947,442
2948,2948,205
2949,2949,460
2950,2950,110
2951,2951,84
2952,2952,291
2953,2953,408
2954,2954,50
2955,2955,343
2956,2956,73
2957,2957,334
2958,2958,292
2959,2959,309
2960,2960,375
2961,2961,452
2962,2962,495
2963,2963,255
2964,2964,135
2965,2965,421
2966,2966,289
2967,2967,130
2968,2968,340
2969,2969,244
2970,2970,130
2971,2971,161
2972,2972,300
2973,2973,71
2974,2974,268
2975,2975,33
2976,2976,465
2977,2977,460
2978,2978,104
2979,2979,170
2980,2980,196
2981,2981,448
2982,2982,352
2983,2983,53
2984,2984,10
2985,2985,54
2986,2986,72
2987,2987,11
2988,2988,422
2989,2989,497
2990,2990,151
2991,2991,136
2992,2992,50
2993,2993,89
2994,2994,413
2995,2995,32
2996,2996,252
2997,2997,59
2998,2998,427
2999,2999,97
3000,3000,438
3001,3001,144
3002,3002,161
3003,3003,390
3004,3004,422
3005,3005,112
3006,3006,346
3007,3007,383
3008,3008,345
3009,3009,225
3010,3010,28
3011,3011,307
3012,3012,200
3013,3013,366
3014,3014,497
3015,3015,393
3016,3016,173
3017,3017,195
3018,3018,248
3019,3019,78
3020,3020,283
3021,3021,350
3022,3022,291
3023,3023,134
3024,3024,412
3025,3025,276
3026,3026,267
3027,3027,180
3028,3028,471
3029,3029,436
3030,3030,38
3031,3031,152
3032,3032,366
3033,3033,368
3034,3034,462
3035,3035,103
3036,3036,400
3037,3037,388
3038,3038,312
3039,3039,467
3040,3040,191
3041,3041,16
3042,3042,140
3043,3043,27
3044,3044,346
3045,3045,344
3046,3046,130
3047,3047,120
3048,3048,418
3049,3049,291
3050,3050,484
3051,3051,19
3052,3052,437
3053,3053,258
3054,3054,117
3055,3055,150
3056,3056,285
3057,3057,319
3058,3058,355
3059,3059,248
3060,3060,11
3061,3061,389
3062,3062,224
3063,3063,285
3064,3064,102
3065,3065,35
3066,3066,484
3067,3067,342
3068,3068,397
3069,3069,194
3070,3070,459
3071,3071,445
3072,3072,259
3073,3073,363
3074,3074,399
3075,3075,154
3076,3076,38
3077,3077,327
3078,3078,328
3079,3079,8
3080,3080,6
3081,3081,12
3082,3082,107
3083,3083,351
3084,3084,2
3085,3085,283
3086,3086,33
3087,3087,115
3088,3088,3
3089,3089,127
3090,3090,385
3091,3091,87
3092,3092,313
3093,3093,81
3094,3094,298
3095,3095,12
3096,3096,116
3097,3097,109
3098,3098,432
3099,3099,228
3100,3100,105
3101,3101,43
3102,3102,157
3103,3103,301
3104,3104,266
3105,3105,361
3106,3106,397
3107,3107,325
3108,3108,5
3109,3109,141
3110,3110,424
3111,3111,329
3112,3112,3
3113,3113,251
3114,3114,217
3115,3115,243
3116,3116,28
3117,3117,234
3118,3118,133
3119,3119,244
3120,3120,494
3121,3121,372
3122,3122,361
3123,3123,155
3124,3124,316
3125,3125,281
3126,3126,498
3127,3127,341
3128,3128,464
3129,3129,294
3130,3130,33
3131,3131,234
3132,3132,467
3133,3133,192
3134,3134,29
3135,3135,397
3136,3136,107
3137,3137,380
3138,3138,46
3139,3139,251
3140,3140,48
3141,3141,469
3142,3142,27
3143,3143,368
3144,3144,205
3145,3145,374
3146,3146,270
3147,3147,260
3148,3148,398
3149,3149,494
3150,3150,21
3151,3151,189
3152,3152,134
3153,3153,247
3154,3154,187
3155,3155,443
3156,3156,49
3157,3157,250
3158,3158,181
3159,3159,500
3160,3160,60
3161,3161,463
3162,3162,382
3163,3163,417
3164,3164,232
3165,3165,392
3166,3166,98
3167,3167,175
3168,3168,458
3169,3169,57
3170,3170,73
3171,3171,483
3172,3172,386
3173,3173,436
3174,3174,220
3175,3175,288
3176,3176,25
3177,3177,8
3178,3178,29
3179,3179,207
3180,3180,109
3181,3181,493
3182,3182,426
3183,3183,11
3184,3184,415
3185,3185,498
3186,3186,296
3187,3187,149
3188,3188,322
3189,3189,349
3190,3190,299
3191,3191,239
3192,3192,44
3193,3193,294
3194,3194,349
3195,3195,242
3196,3196,106
3197,3197,13
3198,3198,128
3199,3199,32
3200,3200,99
3201,3201,354
3202,3202,190
3203,3203,395
3204,3204,109
3205,3205,245
3206,3206,372
3207,3207,25
3208,3208,240
3209,3209,195
3210,3210,275
3211,3211,206
3212,3212,379
3213,3213,83
3214,3214,160
3215,3215,338
3216,3216,128
3217,3217,402
3218,3218,65
3219,3219,310
3220,3220,175
3221,3221,259
3222,3222,55
3223,3223,430
3224,3224,307
3225,3225,177
3226,3226,164
3227,3227,148
3228,3228,482
3229,3229,424
3230,3230,460
3231,3231,391
3232,3232,412
3233,3233,14
3234,3234,451
3235,3235,308
3236,3236,160
3237,3237,453
3238,3238,286
3239,3239,360
3240,3240,238
3241,3241,454
3242,3242,9
3243,3243,204
3244,3244,118
3245,3245,399
3246,3246,127
3247,3247,104
3248,3248,233
3249,3249,426
3250,3250,489
3251,3251,403
3252,3252,120
3253,3253,76
3254,3254,348
3255,3255,443
3256,3256,262
3257,3257,194
3258,3258,152
3259,3259,336
3260,3260,202
3261,3261,367
3262,3262,322
3263,3263,395
3264,3264,440
3265,3265,310
3266,3266,490
3267,3267,253
3268,3268,135
3269,3269,195
3270,3270,42
3271,3271,254
3272,3272,115
3273,3273,48
3274,3274,245
3275,3275,387
3276,3276,157
3277,3277,173
3278,3278,169
3279,3279,359
3280,3280,469
3281,3281,290
3282,3282,485
3283,3283,445
3284,3284,120
3285,3285,257
3286,3286,427
3287,3287,490
3288,3288,384
3289,3289,181
3290,3290,21
3291,3291,490
3292,3292,199
3293,3293,397
3294,3294,448
3295,3295,3
3296,3296,211
3297,3297,153
3298,3298,286
3299,3299,208
3300,3300,258
3301,3301,447
3302,3302,351
3303,3303,104
3304,3304,212
3305,3305,202
3306,3306,475
3307,3307,301
3308,3308,408
3309,3309,172
3310,3310,223
3311,3311,209
3312,3312,448
3313,3313,433
3314,3314,496
3315,3315,186
3316,3316,285
3317,3317,163
3318,3318,326
3319,3319,158
3320,3320,461
3321,3321,431
3322,3322,380
3323,3323,272
3324,3324,275
3325,3325,102
3326,3326,488
3327,3327,32
3328,3328,404
3329,3329,479
3330,3330,241
3331,3331,448
3332,3332,424
3333,3333,235
3334,3334,286
3335,3335,61
3336,3336,223
3337,3337,79
3338,3338,297
3339,3339,362
3340,3340,24
3341,3341,1
3342,3342,467
3343,3343,299
3344,3344,128
3345,3345,151
3346,3346,439
3347,3347,311
3348,3348,240
3349,3349,248
3350,3350,198
3351,3351,20
3352,3352,487
3353,3353,330
3354,3354,190
3355,3355,46
3356,3356,109
3357,3357,322
3358,3358,373
3359,3359,214
3360,3360,32
3361,3361,244
3362,3362,263
3363,3363,471
3364,3364,213
3365,3365,252
3366,3366,7
3367,3367,218
3368,3368,475
3369,3369,63
3370,3370,372
3371,3371,239
3372,3372,329
3373,3373,138
3374,3374,295
3375,3375,98
3376,3376,33
3377,3377,455
3378,3378,500
3379,3379,417
3380,3380,392
3381,3381,335
3382,3382,292
3383,3383,361
3384,3384,247
3385,3385,56
3386,3386,260
3387,3387,343
3388,3388,221
3389,3389,195
3390,3390,324
3391,3391,368
3392,3392,215
3393,3393,268
3394,3394,482
3395,3395,216
3396,3396,454
3397,3397,450
3398,3398,265
3399,3399,193
3400,3400,125
3401,3401,161
3402,3402,330
3403,3403,169
3404,3404,74
3405,3405,271
3406,3406,467
3407,3407,414
3408,3408,14
3409,3409,28
3410,3410,178
3411,3411,246
3412,3412,401
3413,3413,92
3414,3414,39
3415,3415,421
3416,3416,349
3417,3417,235
3418,3418,401
3419,3419,133
3420,3420,467
3421,3421,245
3422,3422,105
3423,3423,484
3424,3424,113
3425,3425,70
3426,3426,146
3427,3427,99
3428,3428,476
3429,3429,135
3430,3430,33
3431,3431,239
3432,3432,188
3433,3433,323
3434,3434,195
3435,3435,210
3436,3436,213
3437,3437,111
3438,3438,234
3439,3439,425
3440,3440,245
3441,3441,352
3442,3442,295
3443,3443,386
3444,3444,497
3445,3445,434
3446,3446,138
3447,3447,465
3448,3448,273
3449,3449,203
3450,3450,450
3451,3451,91
3452,3452,323
3453,3453,283
3454,3454,88
3455,3455,35
3456,3456,207
3457,3457,170
3458,3458,328
3459,3459,164
3460,3460,64
3461,3461,251
3462,3462,103
3463,3463,224
3464,3464,278
3465,3465,171
3466,3466,224
3467,3467,216
3468,3468,18
3469,3469,314
3470,3470,205
3471,3471,344
3472,3472,425
3473,3473,168
3474,3474,204
3475,3475,471
3476,3476,344
3477,3477,266
3478,3478,42
3479,3479,226
3480,3480,95
3481,3481,333
3482,3482,111
3483,3483,178
3484,3484,82
3485,3485,367
3486,3486,43
3487,3487,223
3488,3488,484
3489,3489,305
3490,3490,338
3491,3491,178
3492,3492,60
3493,3493,438
3494,3494,179
3495,3495,456
3496,3496,189
3497,3497,443
3498,3498,43
3499,3499,401
3500,3500,310
3501,3501,203
3502,3502,30
3503,3503,19
3504,3504,368
3505,3505,183
3506,3506,134
3507,3507,51
3508,3508,377
3509,3509,264
3510,3510,157
3511,3511,486
3512,3512,124
3513,3513,107
3514,3514,221
3515,3515,221
3516,3516,222
3517,3517,199
3518,3518,423
3519,3519,323
3520,3520,260
3521,3521,140
3522,3522,346
3523,3523,9
3524,3524,30
3525,3525,73
3526,3526,94
3527,3527,331
3528,3528,268
3529,3529,188
3530,3530,463
3531,3531,305
3532,3532,323
3533,3533,276
3534,3534,422
3535,3535,96
3536,3536,324
3537,3537,452
3538,3538,421
3539,3539,73
3540,3540,77
3541,3541,436
3542,3542,239
3543,3543,452
3544,3544,199
3545,3545,157
3546,3546,69
3547,3547,188
3548,3548,169
3549,3549,39
3550,3550,217
3551,3551,180
3552,3552,5
3553,3553,194
3554,3554,459
3555,3555,87
3556,3556,180
3557,3557,471
3558,3558,0
3559,3559,388
3560,3560,317
3561,3561,39
3562,3562,59
3563,3563,147
3564,3564,31
3565,3565,138
3566,3566,253
3567,3567,417
3568,3568,101
3569,3569,319
3570,3570,299
3571,3571,394
3572,3572,316
3573,3573,474
3574,3574,159
3575,3575,43
3576,3576,156
3577,3577,218
3578,3578,438
3579,3579,402
3580,3580,361
3581,3581,407
3582,3582,374
3583,3583,198
3584,3584,275
3585,3585,186
3586,3586,257
3587,3587,52
3588,3588,116
3589,3589,191
3590,3590,228
3591,3591,21
3592,3592,168
3593,3593,453
3594,3594,233
3595,3595,129
3596,3596,430
3597,3597,353
3598,3598,278
3599,3599,239
3600,3600,181
3601,3601,49
3602,3602,39
3603,3603,315
3604,3604,382
3605,3605,212
3606,3606,34
3607,3607,255
3608,3608,21
3609,3609,35
3610,3610,253
3611,3611,165
3612,3612,37
3613,3613,336
3614,3614,311
3615,3615,454
3616,3616,253
3617,3617,99
3618,3618,229
3619,3619,259
3620,3620,73
3621,3621,140
3622,3622,186
3623,3623,131
3624,3624,183
3625,3625,36
3626,3626,24
3627,3627,158
3628,3628,283
3629,3629,180
3630,3630,120
3631,3631,357
3632,3632,466
3633,3633,336
3634,3634,317
3635,3635,433
3636,3636,145
3637,3637,467
3638,3638,428
3639,3639,200
3640,3640,258
3641,3641,480
3642,3642,124
3643,3643,493
3644,3644,20
3645,3645,54
3646,3646,293
3647,3647,305
3648,3648,221
3649,3649,273
3650,3650,156
3651,3651,65
3652,3652,455
3653,3653,137
3654,3654,174
3655,3655,369
3656,3656,194
3657,3657,489
3658,3658,463
3659,3659,50
3660,3660,227
3661,3661,194
3662,3662,155
3663,3663,312
3664,3664,130
3665,3665,0
3666,3666,294
3667,3667,218
3668,3668,192
3669,3669,352
3670,3670,427
3671,3671,489
3672,3672,252
3673,3673,419
3674,3674,9
3675,3675,276
3676,3676,82
3677,3677,117
3678,3678,126
3679,3679,182
3680,3680,409
3681,3681,190
3682,3682,50
3683,3683,462
3684,3684,339
3685,3685,132
3686,3686,11
3687,3687,147
3688,3688,359
3689,3689,15
3690,3690,193
3691,3691,444
3692,3692,70
3693,3693,62
3694,3694,443
3695,3695,451
3696,3696,462
3697,3697,188
3698,3698,186
3699,3699,340
3700,3700,2
3701,3701,27
3702,3702,420
3703,3703,446
3704,3704,97
3705,3705,407
3706,3706,4
3707,3707,330
3708,3708,146
3709,3709,321
3710,3710,266
3711,3711,343
3712,3712,19
3713,3713,141
3714,3714,46
3715,3715,37
3716,3716,476
3717,3717,317
3718,3718,431
3719,3719,115
3720,3720,30
3721,3721,24
3722,3722,215
3723,3723,42
3724,3724,174
3725,3725,59
3726,3726,385
3727,3727,212
3728,3728,350
3729,3729,206
3730,3730,430
3731,3731,189
3732,3732,327
3733,3733,174
3734,3734,281
3735,3735,227
3736,3736,302
3737,3737,290
3738,3738,120
3739,3739,287
3740,3740,31
3741,3741,287
3742,3742,182
3743,3743,67
3744,3744,198
3745,3745,185
3746,3746,91
3747,3747,387
3748,3748,349
3749,3749,126
3750,3750,103
3751,3751,285
3752,3752,328
3753,3753,240
3754,3754,497
3755,3755,161
3756,3756,253
3757,3757,197
3758,3758,235
3759,3759,14
3760,3760,347
3761,3761,128
3762,3762,342
3763,3763,123
3764,3764,424
3765,3765,207
3766,3766,69
3767,3767,314
3768,3768,328
3769,3769,471
3770,3770,208
3771,3771,424
3772,3772,4
3773,3773,58
3774,3774,315
3775,3775,132
3776,3776,353
3777,3777,272
3778,3778,15
3779,3779,296
3780,3780,424
3781,3781,194
3782,3782,149
3783,3783,310
3784,3784,345
3785,3785,236
3786,3786,322
3787,3787,235
3788,3788,39
3789,3789,498
3790,3790,324
3791,3791,226
3792,3792,115
3793,3793,262
3794,3794,217
3795,3795,387
3796,3796,8
3797,3797,448
3798,3798,120
3799,3799,384
3800,3800,337
3801,3801,207
3802,3802,145
3803,3803,347
3804,3804,86
3805,3805,69
3806,3806,312
3807,3807,377
3808,3808,492
3809,3809,152
3810,3810,450
3811,3811,101
3812,3812,413
3813,3813,482
3814,3814,387
3815,3815,202
3816,3816,432
3817,3817,233
3818,3818,117
3819,3819,304
3820,3820,144
3821,3821,194
3822,3822,500
3823,3823,55
3824,3824,314
3825,3825,293
3826,3826,318
3827,3827,99
3828,3828,3
3829,3829,177
3830,3830,287
3831,3831,275
3832,3832,229
3833,3833,229
3834,3834,187
3835,3835,9
3836,3836,37
3837,3837,53
3838,3838,283
3839,3839,126
3840,3840,335
3841,3841,60
3842,3842,91
3843,3843,0
3844,3844,48
3845,3845,340
3846,3846,42
3847,3847,168
3848,3848,392
3849,3849,360
3850,3850,425
3851,3851,263
3852,3852,55
3853,3853,159
3854,3854,301
3855,3855,8
3856,3856,59
3857,3857,47
3858,3858,220
3859,3859,28
3860,3860,399
3861,3861,290
3862,3862,447
3863,3863,397
3864,3864,38
3865,3865,389
3866,3866,335
3867,3867,253
3868,3868,292
3869,3869,428
3870,3870,107
3871,3871,289
3872,3872,278
3873,3873,326
3874,3874,489
3875,3875,15
3876,3876,466
3877,3877,82
3878,3878,294
3879,3879,225
3880,3880,155
3881,3881,8
3882,3882,77
3883,3883,206
3884,3884,210
3885,3885,95
3886,3886,75
3887,3887,194
3888,3888,353
3889,3889,355
3890,3890,406
3891,3891,294
3892,3892,315
3893,3893,86
3894,3894,269
3895,3895,171
3896,3896,308
3897,3897,225
3898,3898,138
3899,3899,217
3900,3900,397
3901,3901,127
3902,3902,209
3903,3903,256
3904,3904,272
3905,3905,100
3906,3906,29
3907,3907,124
3908,3908,274
3909,3909,397
3910,3910,10
3911,3911,260
3912,3912,416
3913,3913,239
3914,3914,289
3915,3915,356
3916,3916,340
3917,3917,328
3918,3918,200
3919,3919,173
3920,3920,51
3921,3921,476
3922,3922,102
3923,3923,130
3924,3924,219
3925,3925,489
3926,3926,272
3927,3927,20
3928,3928,289
3929,3929,14
3930,3930,203
3931,3931,399
3932,3932,9
3933,3933,463
3934,3934,245
3935,3935,210
3936,3936,235
3937,3937,360
3938,3938,87
3939,3939,190
3940,3940,461
3941,3941,35
3942,3942,94
3943,3943,393
3944,3944,216
3945,3945,298
3946,3946,278
3947,3947,352
3948,3948,96
3949,3949,346
3950,3950,427
3951,3951,99
3952,3952,190
3953,3953,261
3954,3954,73
3955,3955,478
3956,3956,112
3957,3957,144
3958,3958,132
3959,3959,219
3960,3960,281
3961,3961,67
3962,3962,131
3963,3963,233
3964,3964,122
3965,3965,154
3966,3966,377
3967,3967,136
3968,3968,80
3969,3969,209
3970,3970,154
3971,3971,432
3972,3972,305
3973,3973,192
3974,3974,256
3975,3975,290
3976,3976,54
3977,3977,27
3978,3978,467
3979,3979,155
3980,3980,201
3981,3981,239
3982,3982,461
3983,3983,118
3984,3984,115
3985,3985,403
3986,3986,477
3987,3987,74
3988,3988,269
3989,3989,150
3990,3990,483
3991,3991,333
3992,3992,338
3993,3993,185
3994,3994,253
3995,3995,381
3996,3996,69
3997,3997,426
3998,3998,212
3999,3999,115
4000,4000,111
4001,4001,491
4002,4002,160
4003,4003,172
4004,4004,81
4005,4005,134
4006,4006,455
4007,4007,144
4008,4008,201
4009,4009,361
4010,4010,31
4011,4011,286
4012,4012,65
4013,4013,375
4014,4014,308
4015,4015,190
4016,4016,369
4017,4017,57
4018,4018,33
4019,4019,50
4020,4020,272
4021,4021,310
4022,4022,470
4023,4023,423
4024,4024,429
4025,4025,29
4026,4026,256
4027,4027,431
4028,4028,64
4029,4029,426
4030,4030,5
4031,4031,232
4032,4032,210
4033,4033,181
4034,4034,219
4035,4035,259
4036,4036,40
4037,4037,337
4038,4038,266
4039,4039,346
4040,4040,146
4041,4041,116
4042,4042,496
4043,4043,30
4044,4044,148
4045,4045,340
4046,4046,446
4047,4047,297
4048,4048,113
4049,4049,171
4050,4050,304
4051,4051,77
4052,4052,21
4053,4053,96
4054,4054,331
4055,4055,265
4056,4056,92
4057,4057,249
4058,4058,420
4059,4059,370
4060,4060,134
4061,4061,264
4062,4062,283
4063,4063,99
4064,4064,259
4065,4065,190
4066,4066,9
4067,4067,114
4068,4068,493
4069,4069,363
4070,4070,151
4071,4071,91
4072,4072,267
4073,4073,94
4074,4074,91
4075,4075,178
4076,4076,258
4077,4077,198
4078,4078,494
4079,4079,112
4080,4080,84
4081,4081,174
4082,4082,444
4083,4083,435
4084,4084,285
4085,4085,117
4086,4086,117
4087,4087,138
4088,4088,453
4089,4089,180
4090,4090,63
4091,4091,462
4092,4092,424
4093,4093,44
4094,4094,190
4095,4095,98
4096,4096,168
4097,4097,78
4098,4098,229
4099,4099,411
4100,4100,171
4101,4101,401
4102,4102,113
4103,4103,193
4104,4104,121
4105,4105,277
4106,4106,449
4107,4107,85
4108,4108,359
4109,4109,46
4110,4110,27
4111,4111,189
4112,4112,239
4113,4113,147
4114,4114,292
4115,4115,477
4116,4116,185
4117,4117,456
4118,4118,240
4119,4119,230
4120,4120,467
4121,4121,202
4122,4122,94
4123,4123,259
4124,4124,133
4125,4125,229
4126,4126,43
4127,4127,155
4128,4128,301
4129,4129,9
4130,4130,247
4131,4131,5
4132,4132,331
4133,4133,239
4134,4134,85
4135,4135,74
4136,4136,55
4137,4137,10
4138,4138,14
4139,4139,329
4140,4140,109
4141,4141,170
4142,4142,77
4143,4143,251
4144,4144,236
4145,4145,416
4146,4146,129
4147,4147,93
4148,4148,116
4149,4149,241
4150,4150,267
4151,4151,24
4152,4152,161
4153,4153,256
4154,4154,254
4155,4155,100
4156,4156,334
4157,4157,48
4158,4158,183
4159,4159,311
4160,4160,301
4161,4161,422
4162,4162,494
4163,4163,5
4164,4164,477
4165,4165,328
4166,4166,186
4167,4167,34
4168,4168,186
4169,4169,475
4170,4170,258
4171,4171,474
4172,4172,51
4173,4173,373
4174,4174,185
4175,4175,424
4176,4176,4
4177,4177,62
4178,4178,302
4179,4179,126
4180,4180,165
4181,4181,154
4182,4182,28
4183,4183,14
4184,4184,166
4185,4185,427
4186,4186,101
4187,4187,387
4188,4188,107
4189,4189,419
4190,4190,347
4191,4191,26
4192,4192,192
4193,4193,375
4194,4194,377
4195,4195,290
4196,4196,485
4197,4197,204
4198,4198,13
4199,4199,129
4200,4200,287
4201,4201,438
4202,4202,96
4203,4203,324
4204,4204,357
4205,4205,276
4206,4206,276
4207,4207,288
4208,4208,264
4209,4209,260
4210,4210,233
4211,4211,16
4212,4212,463
4213,4213,223
4214,4214,159
4215,4215,165
4216,4216,214
4217,4217,484
4218,4218,333
4219,4219,241
4220,4220,145
4221,4221,160
4222,4222,5
4223,4223,243
4224,4224,458
4225,4225,415
4226,4226,339
4227,4227,59
4228,4228,434
4229,4229,151
4230,4230,59
4231,4231,421
4232,4232,234
4233,4233,277
4234,4234,494
4235,4235,8
4236,4236,386
4237,4237,57
4238,4238,332
4239,4239,314
4240,4240,427
4241,4241,279
4242,4242,371
4243,4243,69
4244,4244,209
4245,4245,181
4246,4246,214
4247,4247,94
4248,4248,101
4249,4249,184
4250,4250,405
4251,4251,171
4252,4252,422
4253,4253,309
4254,4254,406
4255,4255,138
4256,4256,36
4257,4257,117
4258,4258,223
4259,4259,331
4260,4260,229
4261,4261,425
4262,4262,321
4263,4263,134
4264,4264,347
4265,4265,397
4266,4266,263
4267,4267,296
4268,4268,404
4269,4269,109
4270,4270,410
4271,4271,310
4272,4272,189
4273,4273,39
4274,4274,7
4275,4275,310
4276,4276,238
4277,4277,321
4278,4278,453
4279,4279,350
4280,4280,21
4281,4281,59
4282,4282,105
4283,4283,208
4284,4284,369
4285,4285,39
4286,4286,352
4287,4287,455
4288,4288,132
4289,4289,80
4290,4290,315
4291,4291,244
4292,4292,320
4293,4293,464
4294,4294,73
4295,4295,167
4296,4296,273
4297,4297,408
4298,4298,113
4299,4299,268
4300,4300,369
4301,4301,439
4302,4302,242
4303,4303,19
4304,4304,372
4305,4305,439
4306,4306,153
4307,4307,444
4308,4308,253
4309,4309,477
4310,4310,95
4311,4311,109
4312,4312,382
4313,4313,376
4314,4314,29
4315,4315,112
4316,4316,171
4317,4317,218
4318,4318,270
4319,4319,437
4320,4320,22
4321,4321,42
4322,4322,303
4323,4323,360
4324,4324,62
4325,4325,290
4326,4326,47
4327,4327,403
4328,4328,25
4329,4329,172
4330,4330,485
4331,4331,188
4332,4332,393
4333,4333,174
4334,4334,373
4335,4335,353
4336,4336,46
4337,4337,282
4338,4338,26
4339,4339,305
4340,4340,389
4341,4341,145
4342,4342,329
4343,4343,463
4344,4344,500
4345,4345,298
4346,4346,11
4347,4347,168
4348,4348,294
4349,4349,433
4350,4350,144
4351,4351,320
4352,4352,391
4353,4353,154
4354,4354,64
4355,4355,267
4356,4356,249
4357,4357,492
4358,4358,18
4359,4359,105
4360,4360,293
4361,4361,462
4362,4362,105
4363,4363,435
4364,4364,203
4365,4365,140
4366,4366,389
4367,4367,320
4368,4368,427
4369,4369,139
4370,4370,459
4371,4371,362
4372,4372,348
4373,4373,328
4374,4374,285
4375,4375,102
4376,4376,440
4377,4377,263
4378,4378,315
4379,4379,267
4380,4380,141
4381,4381,444
4382,4382,402
4383,4383,55
4384,4384,231
4385,4385,11
4386,4386,41
4387,4387,483
4388,4388,372
4389,4389,445
4390,4390,388
4391,4391,47
4392,4392,157
4393,4393,115
4394,4394,243
4395,4395,54
4396,4396,345
4397,4397,168
4398,4398,100
4399,4399,1
4400,4400,476
4401,4401,461
4402,4402,259
4403,4403,107
4404,4404,124
4405,4405,417
4406,4406,57
4407,4407,484
4408,4408,331
4409,4409,61
4410,4410,287
4411,4411,428
4412,4412,320
4413,4413,296
4414,4414,7
4415,4415,293
4416,4416,140
4417,4417,251
4418,4418,377
4419,4419,269
4420,4420,456
4421,4421,406
4422,4422,82
4423,4423,265
4424,4424,21
4425,4425,61
4426,4426,379
4427,4427,297
4428,4428,177
4429,4429,474
4430,4430,86
4431,4431,423
4432,4432,187
4433,4433,497
4434,4434,450
4435,4435,183
4436,4436,350
4437,4437,362
4438,4438,480
4439,4439,448
4440,4440,465
4441,4441,133
4442,4442,213
4443,4443,129
4444,4444,376
4445,4445,304
4446,4446,353
4447,4447,224
4448,4448,357
4449,4449,274
4450,4450,462
4451,4451,93
4452,4452,30
4453,4453,81
4454,4454,304
4455,4455,360
4456,4456,57
4457,4457,392
4458,4458,131
4459,4459,72
4460,4460,163
4461,4461,50
4462,4462,221
4463,4463,268
4464,4464,272
4465,4465,341
4466,4466,403
4467,4467,354
4468,4468,416
4469,4469,481
4470,4470,228
4471,4471,134
4472,4472,400
4473,4473,113
4474,4474,193
4475,4475,104
4476,4476,0
4477,4477,296
4478,4478,313
4479,4479,496
4480,4480,487
4481,4481,397
4482,4482,481
4483,4483,386
4484,4484,110
4485,4485,270
4486,4486,207
4487,4487,358
4488,4488,79
4489,4489,402
4490,4490,214
4491,4491,408
4492,4492,320
4493,4493,296
4494,4494,8
4495,4495,222
4496,4496,496
4497,4497,20
4498,4498,156
4499,4499,303
4500,4500,281
4501,4501,247
4502,4502,167
4503,4503,15
4504,4504,298
4505,4505,353
4506,4506,106
4507,4507,57
4508,4508,346
4509,4509,445
4510,4510,171
4511,4511,250
4512,4512,367
4513,4513,62
4514,4514,63
4515,4515,364
4516,4516,386
4517,4517,96
4518,4518,404
4519,4519,80
4520,4520,419
4521,4521,173
4522,4522,165
4523,4523,288
4524,4524,302
4525,4525,291
4526,4526,421
4527,4527,289
4528,4528,275
4529,4529,216
4530,4530,458
4531,4531,499
4532,4532,478
4533,4533,9
4534,4534,271
4535,4535,390
4536,4536,367
4537,4537,411
4538,4538,48
4539,4539,182
4540,4540,311
4541,4541,114
4542,4542,192
4543,4543,498
4544,4544,494
4545,4545,443
4546,4546,193
4547,4547,357
4548,4548,251
4549,4549,263
4550,4550,80
4551,4551,317
4552,4552,256
4553,4553,234
4554,4554,159
4555,4555,355
4556,4556,225
4557,4557,208
4558,4558,416
4559,4559,260
4560,4560,454
4561,4561,357
4562,4562,432
4563,4563,152
4564,4564,58
4565,4565,395
4566,4566,398
4567,4567,229
4568,4568,170
4569,4569,100
4570,4570,229
4571,4571,290
4572,4572,477
4573,4573,8
4574,4574,217
4575,4575,293
4576,4576,141
4577,4577,146
4578,4578,44
4579,4579,301
4580,4580,28
4581,4581,112
4582,4582,33
4583,4583,18
4584,4584,280
4585,4585,92
4586,4586,374
4587,4587,446
4588,4588,191
4589,4589,105
4590,4590,58
4591,4591,215
4592,4592,481
4593,4593,102
4594,4594,234
4595,4595,301
4596,4596,265
4597,4597,242
4598,4598,73
4599,4599,147
4600,4600,405
4601,4601,350
4602,4602,445
4603,4603,350
4604,4604,388
4605,4605,357
4606,4606,177
4607,4607,249
4608,4608,42
4609,4609,475
4610,4610,16
4611,4611,187
4612,4612,445
4613,4613,61
4614,4614,129
4615,4615,310
4616,4616,44
4617,4617,397
4618,4618,478
4619,4619,488
4620,4620,194
4621,4621,289
4622,4622,53
4623,4623,88
4624,4624,39
4625,4625,216
4626,4626,280
4627,4627,6
4628,4628,399
4629,4629,178
4630,4630,387
4631,4631,226
4632,4632,236
4633,4633,490
4634,4634,338
4635,4635,159
4636,4636,25
4637,4637,71
4638,4638,330
4639,4639,412
4640,4640,292
4641,4641,391
4642,4642,366
4643,4643,389
4644,4644,86
4645,4645,410
4646,4646,325
4647,4647,353
4648,4648,336
4649,4649,453
4650,4650,48
4651,4651,451
4652,4652,182
4653,4653,344
4654,4654,322
4655,4655,62
4656,4656,484
4657,4657,9
4658,4658,439
4659,4659,117
4660,4660,225
4661,4661,472
4662,4662,418
4663,4663,397
4664,4664,195
4665,4665,190
4666,4666,416
4667,4667,468
4668,4668,276
4669,4669,159
4670,4670,381
4671,4671,280
4672,4672,143
4673,4673,230
4674,4674,404
4675,4675,465
4676,4676,16
4677,4677,427
4678,4678,450
4679,4679,267
4680,4680,310
4681,4681,235
4682,4682,464
4683,4683,240
4684,4684,410
4685,4685,276
4686,4686,198
4687,4687,315
4688,4688,337
4689,4689,418
4690,4690,173
4691,4691,339
4692,4692,222
4693,4693,498
4694,4694,54
4695,4695,184
4696,4696,17
4697,4697,5
4698,4698,172
4699,4699,257
4700,4700,87
4701,4701,32
4702,4702,85
4703,4703,75
4704,4704,154
4705,4705,308
4706,4706,115
4707,4707,260
4708,4708,185
4709,4709,339
4710,4710,33
4711,4711,137
4712,4712,400
4713,4713,372
4714,4714,399
4715,4715,188
4716,4716,45
4717,4717,97
4718,4718,484
4719,4719,205
4720,4720,36
4721,4721,168
4722,4722,311
4723,4723,470
4724,4724,143
4725,4725,244
4726,4726,95
4727,4727,17
4728,4728,74
4729,4729,352
4730,4730,420
4731,4731,48
4732,4732,12
4733,4733,8
4734,4734,479
4735,4735,328
4736,4736,297
4737,4737,164
4738,4738,215
4739,4739,117
4740,4740,232
4741,4741,447
4742,4742,53
4743,4743,186
4744,4744,483
4745,4745,275
4746,4746,196
4747,4747,495
4748,4748,402
4749,4749,481
4750,4750,420
4751,4751,381
4752,4752,244
4753,4753,419
4754,4754,52
4755,4755,210
4756,4756,89
4757,4757,329
4758,4758,2
4759,4759,166
4760,4760,469
4761,4761,417
4762,4762,138
4763,4763,322
4764,4764,396
4765,4765,230
4766,4766,405
4767,4767,290
4768,4768,0
4769,4769,339
4770,4770,435
4771,4771,476
4772,4772,407
4773,4773,435
4774,4774,85
4775,4775,283
4776,4776,0
4777,4777,365
4778,4778,126
4779,4779,251
4780,4780,331
4781,4781,7
4782,4782,347
4783,4783,187
4784,4784,250
4785,4785,382
4786,4786,83
4787,4787,366
4788,4788,97
4789,4789,460
4790,4790,154
4791,4791,72
4792,4792,371
4793,4793,300
4794,4794,88
4795,4795,426
4796,4796,209
4797,4797,26
4798,4798,298
4799,4799,287
4800,4800,221
4801,4801,53
4802,4802,137
4803,4803,80
4804,4804,29
4805,4805,434
4806,4806,364
4807,4807,437
4808,4808,264
4809,4809,21
4810,4810,258
4811,4811,151
4812,4812,272
4813,4813,180
4814,4814,406
4815,4815,483
4816,4816,6
4817,4817,452
4818,4818,146
4819,4819,316
4820,4820,258
4821,4821,392
4822,4822,472
4823,4823,363
4824,4824,137
4825,4825,85
4826,4826,18
4827,4827,57
4828,4828,287
4829,4829,66
4830,4830,434
4831,4831,335
4832,4832,351
4833,4833,47
4834,4834,419
4835,4835,162
4836,4836,130
4837,4837,486
4838,4838,129
4839,4839,198
4840,4840,110
4841,4841,93
4842,4842,233
4843,4843,101
4844,4844,374
4845,4845,458
4846,4846,63
4847,4847,369
4848,4848,149
4849,4849,255
4850,4850,55
4851,4851,278
4852,4852,65
4853,4853,69
4854,4854,79
4855,4855,6
4856,4856,452
4857,4857,74
4858,4858,196
4859,4859,331
4860,4860,241
4861,4861,429
4862,4862,490
4863,4863,325
4864,4864,286
4865,4865,417
4866,4866,57
4867,4867,275
4868,4868,52
4869,4869,261
4870,4870,238
4871,4871,191
4872,4872,252
4873,4873,263
4874,4874,372
4875,4875,66
4876,4876,229
4877,4877,250
4878,4878,405
4879,4879,361
4880,4880,277
4881,4881,42
4882,4882,316
4883,4883,98
4884,4884,475
4885,4885,402
4886,4886,72
4887,4887,286
4888,4888,216
4889,4889,283
4890,4890,295
4891,4891,500
4892,4892,290
4893,4893,340
4894,4894,80
4895,4895,40
4896,4896,68
4897,4897,308
4898,4898,125
4899,4899,315
4900,4900,224
4901,4901,378
4902,4902,324
4903,4903,369
4904,4904,195
4905,4905,181
4906,4906,42
4907,4907,32
4908,4908,159
4909,4909,449
4910,4910,93
4911,4911,223
4912,4912,479
4913,4913,86
4914,4914,466
4915,4915,342
4916,4916,480
4917,4917,73
4918,4918,94
4919,4919,75
4920,4920,345
4921,4921,433
4922,4922,414
4923,4923,306
4924,4924,422
4925,4925,379
4926,4926,467
4927,4927,109
4928,4928,362
4929,4929,184
4930,4930,476
4931,4931,491
4932,4932,3
4933,4933,441
4934,4934,49
4935,4935,345
4936,4936,370
4937,4937,54
4938,4938,59
4939,4939,393
4940,4940,339
4941,4941,488
4942,4942,396
4943,4943,481
4944,4944,469
4945,4945,100
4946,4946,46
4947,4947,331
4948,4948,294
4949,4949,372
4950,4950,428
4951,4951,147
4952,4952,170
4953,4953,282
4954,4954,206
4955,4955,30
4956,4956,468
4957,4957,300
4958,4958,378
4959,4959,328
4960,4960,0
4961,4961,185
4962,4962,252
4963,4963,55
4964,4964,381
4965,4965,420
4966,4966,421
4967,4967,291
4968,4968,397
4969,4969,330
4970,4970,479
4971,4971,460
4972,4972,78
4973,4973,157
4974,4974,297
4975,4975,486
4976,4976,234
4977,4977,153
4978,4978,82
4979,4979,399
4980,4980,479
4981,4981,416
4982,4982,41
4983,4983,466
4984,4984,100
4985,4985,99
4986,4986,257
4987,4987,55
4988,4988,424
4989,4989,33
4990,4990,337
4991,4991,74
4992,4992,366
4993,4993,86
4994,4994,470
4995,4995,235
4996,4996,479
4997,4997,141
4998,4998,453
4999,4999,447
5000,5000,291
